[
{
    "title": "Asus VivoBook X441NA-GA190",
    "price": "$295.99",
    "description": "Asus VivoBook X441NA-GA190 Chocolate Black, 14\", Celeron N3450, 4GB, 128GB SSD, Endless OS, ENG kbd",
    "review_count": "reviews",
    "rating": "0",
    "scraped_at": "2025-12-02T10:17:53.604395"
},
{
    "title": "Prestigio SmartBook 133S Dark Grey",
    "price": "$299",
    "description": "Prestigio SmartBook 133S Dark Grey, 13.3\" FHD IPS, Celeron N3350 1.1GHz, 4GB, 32GB, Windows 10 Pro + Office 365 1 gadam",
    "review_count": "reviews",
    "rating": "0",
    "scraped_at": "2025-12-02T10:17:53.605050"
},
{
    "title": "Prestigio SmartBook 133S Gold",
    "price": "$299",
    "description": "Prestigio SmartBook 133S Gold, 13.3\" FHD IPS, Celeron N3350 1.1GHz, 4GB, 32GB, Windows 10 Pro + Office 365 1 gadam",
    "review_count": "reviews",
    "rating": "0",
    "scraped_at": "2025-12-02T10:17:53.605704"
},
{
    "title": "Aspire E1-510",
    "price": "$306.99",
    "description": "15.6\", Pentium N3520 2.16GHz, 4GB, 500GB, Linux",
    "review_count": "reviews",
    "rating": "0",
    "scraped_at": "2025-12-02T10:17:53.606249"
},
{
    "title": "Lenovo V110-15IAP",
    "price": "$321.94",
    "description": "Lenovo V110-15IAP, 15.6\" HD, Celeron N3350 1.1GHz, 4GB, 128GB SSD, Windows 10 Home",
    "review_count": "reviews",
    "rating": "0",
    "scraped_at": "2025-12-02T10:17:53.606661"
},
{
    "title": "Lenovo V110-15IAP",
    "price": "$356.49",
    "description": "Asus VivoBook 15 X540NA-GQ008T Chocolate Black, 15.6\" HD, Pentium N4200, 4GB, 500GB, Windows 10 Home, En kbd",
    "review_count": "reviews",
    "rating": "0",
    "scraped_at": "2025-12-02T10:17:53.607444"
}
]