description,image_url,price,product_url,rating,review_count,scraped_at,title
"Asus VivoBook X441NA-GA190 Chocolate Black, 14"", Celeron N3450, 4GB, 128GB SSD, Endless OS, ENG kbd",,$295.99,,0,reviews,2025-12-02T10:17:53.604395,Asus VivoBook X441NA-GA190
"Prestigio SmartBook 133S Dark Grey, 13.3"" FHD IPS, Celeron N3350 1.1GHz, 4GB, 32GB, Windows 10 Pro + Office 365 1 gadam",,$299,,0,reviews,2025-12-02T10:17:53.605050,Prestigio SmartBook 133S Dark Grey
"Prestigio SmartBook 133S Gold, 13.3"" FHD IPS, Celeron N3350 1.1GHz, 4GB, 32GB, Windows 10 Pro + Office 365 1 gadam",,$299,,0,reviews,2025-12-02T10:17:53.605704,Prestigio SmartBook 133S Gold
"15.6"", Pentium N3520 2.16GHz, 4GB, 500GB, Linux",,$306.99,,0,reviews,2025-12-02T10:17:53.606249,Aspire E1-510
"Lenovo V110-15IAP, 15.6"" HD, Celeron N3350 1.1GHz, 4GB, 128GB SSD, Windows 10 Home",,$321.94,,0,reviews,2025-12-02T10:17:53.606661,Lenovo V110-15IAP
"Asus VivoBook 15 X540NA-GQ008T Chocolate Black, 15.6"" HD, Pentium N4200, 4GB, 500GB, Windows 10 Home, En kbd",,$356.49,,0,reviews,2025-12-02T10:17:53.607444,Lenovo V110-15IAP
