{
    "Jujutsu Kaisen": {
        "image": "captures/Jujutsu_Kaisen_2025-12-02_12-32-16.png",
        "analysis": "```json\n[\n  {\n    \"titre\": \"Satoru GOJO Vs Ryomen SUKUNA | Jujutsu Kaisen Saison 1 Ep 2 - VFR\",\n    \"chaine\": \"univers shônen\",\n    \"date_publication\": \"il y a 2 ans\",\n    \"vues\": \"841 k vues\",\n    \"description_visuelle\": \"La miniature montre Gojo Satoru et Yuji Itadori (avec les marques de Sukuna) se faisant face sur un sol sombre et détruit, dans un style animé intense. La vidéo est présentée comme un résultat de recherche principal sur la page YouTube, avec une description courte du créateur en dessous du titre.\"\n  },\n  {\n    \"titre\": \"JUJUTSU KAISEN - Épisode 1 - VF\",\n    \"chaine\": \"Crunchyroll FR\",\n    \"date_publication\": \"il y a 4 ans\",\n    \"vues\": \"3,9 M de vues\",\n    \"description_visuelle\": \"La miniature présente Megumi Fushiguro avec une expression sérieuse, un fond rouge-noirâtre et le logo 'JUJUTSU KAISEN'. Il y a un encart 'VF' en haut à gauche et 'EP. 1' en haut à droite. Cette vidéo est aussi un résultat de recherche principal, affichée en dessous de la première vidéo, et semble être un épisode officiel de l'anime.\"\n  }\n]\n```\n\n---\n\n**Informations extraites des résultats YouTube :**\n\n**Vidéo 1**\n*   **Titre :** Satoru GOJO Vs Ryomen SUKUNA | Jujutsu Kaisen Saison 1 Ep 2 - VFR\n*   **Chaîne :** univers shônen\n*   **Date de publication :** il y a 2 ans\n*   **Vues :** 841 k vues\n*   **Description visuelle :** La miniature montre Gojo Satoru et Yuji Itadori (avec les marques de Sukuna) se faisant face sur un sol sombre et détruit, dans un style animé intense. La vidéo est présentée comme un résultat de recherche principal sur la page YouTube, avec une description courte du créateur en dessous du titre.\n\n**Vidéo 2**\n*   **Titre :** JUJUTSU KAISEN - Épisode 1 - VF\n*   **Chaîne :** Crunchyroll FR\n*   **Date de publication :** il y a 4 ans\n*   **Vues :** 3,9 M de vues\n*   **Description visuelle :** La miniature présente Megumi Fushiguro avec une expression sérieuse, un fond rouge-noirâtre et le logo 'JUJUTSU KAISEN'. Il y a un encart 'VF' en haut à gauche et 'EP. 1' en haut à droite. Cette vidéo est aussi un résultat de recherche principal, affichée en dessous de la première vidéo, et semble être un épisode officiel de l'anime."
    }
}